{
	"a": [0.0, 0.0, 0.0, 0.0],
	"b": [2.59, 2.35, 0.0, 1.57079632679],
	"c": [0.0, 5.01, 0.0, 3.14159265359],
	"d": [-1.35, 2.35, 0.0, -1.57079632679]
}
