{
	"a": [0.0, 0.0, 0.0, 0.0],
	"b": [2.15, 3.13, 0.0, 2.094395102],
	"c": [-1.95, 3.01, 0.0, -2.094395102]
}
