{
	"a": [0.0, 0.0, 0.0, 0.0],
	"b": [2.3, 2.19, 0.0, 1.57079632679],
	"c": [0.0, 4.73, 0.0, 3.14159265359],
	"d": [-0.98, 2.19, 0.0, -1.57079632679]
}
